Temperature,C10,C11,C12,A7,A8,A9,B10,B11,B12,C1,C2,D1,F1,F2,F3,H1,H2,H3
60.08,176021.77,181639.23,144950.5,213952,199174.06,189800.38,185638.34,173058.89,97167.09,179433.92,185288.27,186552.03,183768.22,186717.92,197180.66,178093.28,171701.03,175729.03
60.19,176512.69,183461.31,145816.97,214909.02,200062.91,190990.75,186622.83,174351.59,97450.04,179762.38,186269.19,187821.38,185121.22,187825.55,198369.13,179002.22,172374.86,176706.69
60.29,177419.48,183612.97,146510.81,215516.41,200903.38,191700.41,187175.16,173362.97,97974.47,178272.22,187034.91,188045.28,186055.5,188750.78,200302.44,179530.27,173045.5,178068.31
60.39,177617.61,185395.66,146921.91,216105.09,201715.63,192056.61,188113.77,174984.16,98032.3,181819.69,188122.92,190497.31,186991.47,188801.47,201145.69,180172.53,173511.83,178581.14
60.49,178332.2,186096.34,147571.19,217297.84,202526.23,192915.73,188742.39,176505.61,98527.56,182176.8,188895.55,190949.08,187716.64,192279.64,201811.5,180715.56,174030.47,179227.28
60.59,179127.91,186764.67,148322.89,217809.13,203377.39,193671.94,189754.81,177415.69,98896.14,183176.83,189751.27,192373.59,188319.78,192011.27,202719.72,181136.38,174264.09,179654.56
60.69,179645.45,187381.09,148847.2,218606.59,204042.41,194361.72,190576.77,175908.34,99175.68,183682.03,190375.91,193173,188816.45,192801.7,203628.25,181367.7,174554.94,180190.16
60.79,180331.47,187031.41,149595.98,219081.86,204842.94,194606.22,191616,177995.19,99328.95,185878.91,191336,194973.73,189782.44,193947.22,204606.81,181867.94,175349.25,180892.45
60.89,181096.06,189619.63,150348.89,220030,205361.03,195071.75,192087.22,177821.59,99948.39,187143.34,191938.73,196651.75,190537.58,193979.78,205195.86,182365.44,175319.72,181169
60.99,181423.34,187961.69,150761,220436.03,206110.47,195326.44,192908.8,180513,100145.33,187728,192951.53,197083.52,191312.3,195619.06,206194.03,182881,176005.2,181884.47
61.09,182321.08,189339.47,151300.42,221520.86,206673.63,196002.13,193701.09,179017.34,100393.15,188271.67,193672.73,198264.34,191914.28,194958.16,207336.72,183086.98,176431.41,182476.48
61.19,183061.97,192135.69,151375.56,222084.59,207302.33,196482.86,194390.75,179666.66,100458.13,187516.92,194609.19,198444.52,192496.41,196429.78,207723.39,183429.84,176475.97,182660
61.29,183384.41,192072.67,151562.73,222914.88,208205.08,197195.03,195191.22,181509.59,100866.04,188927.75,195184.98,199773.84,192816.88,198292.69,207540.25,183651.47,177182.95,182531.61
61.39,184197.42,190455.92,152289.22,223617.67,208728.19,197931.91,196400.41,183582.41,101116.02,188173.02,196067.06,200476.84,193519.53,198196.16,209424,183740.89,177372.16,183557.56
61.5,184928.81,192466.47,152604.88,224258.44,209723.56,198784.38,196991.38,183256.16,101369.34,189426.78,196844.95,201901.09,194200.27,199430.11,209428.78,183791.94,177827.09,183417.44
61.59,185529.66,191865.58,153095.19,224888.52,210343.95,198380.41,197774.52,183496.36,101835.68,189122.97,197693.78,201456.22,194721.95,199777.75,211294.06,183920.31,178216.06,184438.66
61.69,186589.98,194951.09,153395.03,225939.7,211080.88,199479.41,198631.53,183117.61,101851.59,190772.27,198111.08,203689.41,195550.06,200924.44,211939.8,184010.47,178510.47,184821.39
61.79,186801.47,193383.38,153495.59,226488.3,211834.69,199259.38,199501.59,183927.42,102216.66,191618.17,199114.55,204471.86,195902.59,202015.41,211790.31,184123.81,178557.25,184640.47
61.89,187579.81,193688.72,153776.86,227294.05,212571.47,200189.69,200607.33,186116.48,102325.68,191693.84,199519.58,205328.41,196970.22,202997.89,214049.25,184430.58,179076.97,185800.91
61.99,188094.13,195346.97,154687.03,228015.47,213396.61,201201.5,201405.14,185915.28,102751.29,192953.33,200479.84,206985.42,197675.95,203567.48,214934.59,184668.5,179466.61,186292.5
62.09,188859.84,195126.17,154724.09,229246.88,214242.47,201397.23,202357.73,187708.13,102988.48,190597.94,201309.89,206571.5,198633.69,204852.97,215840.06,184796.84,179844.16,186569.31
62.19,190179.98,197335.56,155720.66,229920.59,214805.28,201842.25,203042.72,186405,103106.7,192577.09,201895.72,207662.89,199374.45,205326.78,215886.59,184948,180332.77,186631.59
62.29,190941.11,198413.56,156307.38,230854.23,215697.55,201944.19,203636.63,187892.38,103505.73,193649.28,202653.78,210152.06,200317.06,206557.66,216736.63,185107.97,180668.86,186938.95
62.39,192212.5,198386.16,156597.66,231817.47,216691.36,202650.47,204391.16,188918.11,103288.78,193972.98,203844.66,210484.89,201236.78,207937.67,218095.22,185149.98,181133.25,187812.31
62.49,192702.98,200964.47,157214.28,232670.09,217606.03,204043.78,205148.78,188733.23,103655.54,194320.81,204875.91,211257.91,202411.92,207100.81,218963.03,185278.42,181412.75,188367.53
62.59,193955.63,202262.42,157771.81,233387.05,218231.67,203873.59,206176.19,191508.53,103852.21,195119.67,205847.95,212945.88,203506.84,209365.2,219826.06,185591.72,181909.39,188859.72
62.69,194742.88,202896.16,158989.06,233616.44,218891.16,204633.38,207370.91,191658.78,104076.21,197376.91,207446.19,214666.52,204866.81,209938.28,220744.2,185743.3,182470.16,189510.28
62.79,195301.03,203368.45,159989.81,233937.75,219580.45,205449.09,207358,193155.06,104418.31,198803.03,208295.47,216063.28,205727.88,209950.75,221226.27,185724.56,182985.78,189919.55
62.89,195665.27,203960.84,160846.84,234384.13,219945.56,205622.2,207146.66,194074.28,104764.29,199645.25,209048.52,215666.58,206630.55,211468.47,221445.13,185880.7,183350.47,190662.53
62.99,196095.66,203798.28,161446.88,234946.92,220171.38,206603.88,207613.53,194232.05,105027.79,199718.7,208748.86,215271.47,207583.84,210814.41,221300.72,185866.59,183832.84,191252.55
63.09,195560.44,205399.66,161992.58,234814.67,220294.31,207173.34,206917.17,193875.73,105372.48,199903.5,208816.72,215377.63,208402.69,211462.39,221142.97,186164.92,184346.53,191883.64
63.19,195183.89,203490.81,162735.19,234529.97,220052.44,207755.22,206323.09,194247.31,105753.64,202607.41,208680.7,215700.11,208603.17,209097.28,220894.47,186252.97,185012.33,192719.19
63.29,194947.27,203194.16,163650.33,234178.78,219727.81,208211.41,206132.23,193565.06,106256.59,203053.09,208258.02,214588.03,208530.41,210248.75,220533.86,186214.06,185433.34,193412.34
63.39,194679.19,204390.55,163791.97,233410.94,219271.08,208812.13,205938.02,192596.94,106605.38,202741.2,207710.56,214613.09,208176.58,210177.66,219856.75,186241.75,186163.34,193882.56
63.49,194303.39,202361.31,164231.5,232806.8,218556.19,209175.44,204663.33,192019.34,106957.35,202382.61,207208.09,213299.56,207877,208498.39,219457.78,186251.77,186442.88,194672.08
63.59,193668.31,202002.36,164002.5,232400.06,217933.83,209652.67,204537.34,190928.16,107193.6,203988.8,206790.06,212624.34,207269.91,206815.19,219124.03,186200.31,186978.94,195423.08
63.69,192919.25,201311.97,164119.03,231882.75,217199.78,209572.23,203897.44,191227,107515.66,202794.95,206005.72,211941.25,206863.05,206789.83,218118.25,186519.05,187494.44,195546.91
63.79,192589.61,200160.8,163865.67,230984.38,216665.97,208873.66,203270.06,189857.89,107658.63,204253.44,205415.5,212138.7,206479.23,207663.06,216717.59,186786.13,187688.88,194941.78
63.89,191844.06,201854.75,163992.97,230263.78,216050.3,208659.86,203169.86,189549.73,108496.36,201892.38,204821.34,210446.47,205679.53,206455.2,217097.86,186738.34,187332.19,195647.06
63.99,191311.3,199847.97,163767.98,229423.42,215141.53,207701.47,202288.67,190166.41,108973.46,202133.22,204036.17,210752.38,204969.09,204630.06,215946.81,186861.94,187208.06,194813.41
64.09,190549.11,198392.44,163082.98,228783.27,214494.47,206885.27,201545.47,189300.44,109187.27,201157.81,203598.97,210271.28,204604.34,205734.91,215084.81,186894.66,186768.44,194530.03
64.19,189855.33,199029.97,162578.03,228103.81,213822.16,206772.98,201094.88,188033.28,109535.42,201168.56,202784.44,208512.3,203782.98,203995.41,214800.08,187073.91,186325.23,194194.2
64.29,189250.64,195989.02,161799.75,227174.45,213098.72,205603.55,200705.63,188435.02,109618.69,199899,202144.38,208644.05,203486.45,204469.44,214370.27,187399.97,185974.91,193689.31
64.39,188503.41,196682.78,161526.91,226697.78,212480.55,205078.88,199866.2,186563.94,110068.81,198466.7,201456.41,207169.25,203111.41,204334.52,213737.78,187669.92,185428.48,192996.23
64.49,187892.59,197260.34,161379,225741.27,211706.58,204654.3,199200.94,185847.34,110304.51,198062.28,200583.88,206607.7,202176.25,202965.48,212797.36,187629.31,184779.73,192169.28
64.59,187563.66,196279.97,161041.58,224770,211061.95,203476.98,198769.78,185615.44,110536.02,196456.13,199920.06,205458.36,201553.78,202955.75,211863.16,187678.42,184141.69,191521.69
64.69,186879.72,196387.83,160507.63,224345.34,210401.13,202579.69,198376.66,183314.03,110777.63,197837.83,199036.42,206573.64,200964.31,201935.41,211270.94,187775.38,183479.86,190853.67
64.79,186326.38,195229.5,159775.63,223593.7,209707.63,202337.81,197931.22,184467.34,110649.44,196264.22,198387.16,205165.16,200410.48,201288.38,210441.22,187951.66,182864.41,190309.34
64.89,185225.72,195676.41,159286.28,223006.78,209061.59,201782.91,196756.88,182692.84,110777.29,195677.27,198069.77,204259.95,200000.95,201746.91,209397.34,188236.45,182312.14,189439.25
64.99,184872.44,194547.77,158424.95,222282.39,208369.08,200848.98,196375.34,181492.53,110670.9,194753.52,197508.45,203215.75,199055.33,199874.73,208724.63,188274.72,181306.91,188867.05
65.09,184386.52,193534.44,158159.53,221277.08,207720.55,200181.17,195841.97,181620.8,110300.67,193785.17,196739.91,202897.17,198771.34,198930.31,207826.17,188232.16,180697.88,188206.31
65.19,184029.61,192219.44,157373,220715.8,207000.53,198968.17,195525.91,183032.31,110140.53,193943.92,196438.16,203423.7,198510.03,198413.83,207251.94,188165.2,179973.5,187658.88
65.29,183254.59,192371.22,156643.28,220147.73,206171.94,199083.94,194594.89,180985.63,109434.93,193800.19,196055.7,202800.89,197962.5,197951.19,206772.41,188087.5,179567.72,187225.44
65.39,182449.83,190972.78,156505.66,219460.38,205519.02,198618.97,193593.75,182185.25,109247.28,191779.88,195624.39,200661.47,197596.75,196936.02,206147.03,188279.69,178931.91,186718.14
65.49,182278.31,190378.22,156211.81,218635.31,204869.22,197441.16,192877.41,178396.16,108998.36,192297.31,194965.13,201165.28,196959.16,195610.83,205218.59,188011.94,178377.53,185760.06
65.59,181670.59,189448.58,155450.88,217678.59,204287.91,196669.73,192742.03,181171.44,108366.97,191350.7,194486.47,200329.36,196291.09,196598.84,205092.5,187816.94,177932.23,185407.22
65.7,181321.47,187862.47,155401.41,217370.09,203504.03,196099.31,192505.94,180013.97,108154.67,191223.31,194077.53,200339.39,196012.45,194820.59,204259.69,187704.27,177301.86,184756
65.79,180455.48,189053.09,154856.56,216543.5,202776.16,195190.84,191506.52,179569.63,107737.24,190846.58,193358.09,199054.23,194935.97,194011.09,203747.59,187413.94,176621.78,184175.98
65.89,180159.55,187227.05,154657.55,215570.19,202253.53,194910.72,191209.14,178926.47,107401.19,191350.09,192465.13,199168.72,194536.7,194224.38,203100.98,187191.63,176295.05,183471.14
65.99,179304.55,187766.42,154378.75,214847.02,201611.02,194636.88,190386.17,178299.69,107215.57,190213.25,191749.97,198189.89,193406.31,193143.72,201659.19,186831.94,175454.41,182215.63
66.09,178894.88,186836.22,153726.78,214389.64,200993.25,193784.88,189937.38,177112.25,106686.1,188592.95,190909.58,196935.72,192829.36,191645.63,201845.38,186328.28,174680.19,182189.22
66.18,178554.34,186108.64,153240.52,213757.81,200315.08,192699.5,189771.48,176804.33,106286.33,188635.34,190412.22,196025.73,192145.75,190882.91,201648.88,186014.28,174191.34,181811.72
66.29,176983.05,186484.58,153079.42,213098.73,199661.81,192151.86,188453.47,176021.19,106027.98,187583.33,189473.13,195459.55,191358.16,191219.19,200211.34,185446.77,173454.41,180613.14
66.39,176660.41,186198.66,152083.66,212172.97,199045.78,192205.81,188023.5,175521.78,105480.63,187685.94,189055.72,195294.22,190999.25,191818.41,200725.84,185048.86,172842.59,180692.77
66.49,176176.89,187489.97,152165.64,211617.03,198280.34,190696.81,187699.77,173318,105342.43,187004.31,188614.25,194888.66,190561.81,189735.72,199860.25,184570.19,171994.59,180050.33
66.59,175788.44,185589.95,151530.16,210905.41,197468.25,190113.11,187068.91,173539.89,104956.73,185563.13,188085.38,194146.92,190153.95,190355.66,198868.92,183949.81,171645.91,179389.69
66.69,174738.92,187654.38,150647.78,210232.66,196751.86,189586.95,185997.66,173241.59,104340.39,185947.73,187475.73,193619.06,189574.55,190006.3,197263.53,183495.44,171121.34,177974.11
66.79,174457.3,184532.91,150193.59,209513.92,196138.61,188723.72,185961.2,172454.31,103940.68,183244.13,187082.48,192191.73,189135.95,188606.83,197546.14,182980.16,170409.86,178020.44
66.89,173688.63,183264.64,149793.53,208954.69,195443.19,187629.5,184932.09,171401.31,103756.15,184624.56,186378.78,192956.63,188422.98,188794.77,196381.3,182419.77,169629.73,177125
66.96,173588.75,182405.42,149916.41,208165.75,194643.92,187851.72,184496.59,170988.22,103574.32,183706.41,185616.2,192138.53,187721.61,186266.78,196414.59,181826.7,169190.63,176983.53
67.09,172946.13,182652.22,148721.39,207708.78,193932.86,186253.61,183468.41,170615.06,102986,183013.77,184679.89,191018.39,186950.09,186297.44,195495.66,181213.44,168712.02,176165.88
67.19,172127.22,182094.42,148062.66,207203,193233.69,185676.63,183099.36,170291.78,102637.52,181338.22,184314.44,190939.39,186777,186185.31,195018.03,180980.59,168073.22,175691.17
67.29,171932.27,183306.61,147656.84,206292.36,192701.7,185308.66,182574.53,168757.56,102444.92,181078.91,183881.78,189639.53,185770.77,184520.94,194880.41,180412.88,167395.44,175388.63
67.39,171317.56,178972.34,147192.91,205786.34,192204.31,184949.81,182153.11,169941.97,102102.37,179272.42,182832.38,188664.19,185202.84,185084.27,193874.31,179866.42,166918.22,174620.36
67.49,171104.14,178034.13,146682.42,204765.81,191540,184100.3,181906.44,168474.7,101766.44,180719.97,182268.84,189252.09,184580.56,184448.48,193428.23,179357.58,166225.5,174103.88
67.59,170528.63,178189.58,145436.55,204297.38,190736.73,183619.34,181239.45,167768.94,101536.56,179555.05,181405,188175.02,183774.33,183055.88,191771.55,178513.38,165659.78,172904.95
67.69,169281.59,177708.28,144601.63,203574.25,189973.23,183292.03,179260.67,165589.73,101125.27,179291.3,180909.52,187420.95,183229.16,181119.05,190991.59,177958.09,165027.94,172138.31
67.79,169145.77,175690.3,143912.97,202614.11,189441.83,182475.05,179355.83,166384.19,100744.35,177211.88,180463.14,185525.03,182441.83,181648.09,191541.78,177216.25,164615.7,172325.19
67.89,168510.33,175538.64,143582.19,201974.63,188720.63,181279.25,179154,164845.69,100683.1,177957.52,180007.17,185644.94,181722.77,181654,190535.63,176551.16,164026.63,171562.23
67.99,167626.36,174738.86,143233.13,201070.63,187927.63,181078.63,178004.5,165275.19,100178.36,175627.48,179207.16,184253.19,180891.03,179807.55,189802.69,175544.44,163345.39,170856.09
68.09,167008.14,174369.59,142543.22,200402.42,187331.34,180815.97,177230.53,165265.58,99625.84,177305.19,178805.66,184627,180727.28,178461.16,189543.81,175074.34,162848.06,170256.53
68.19,166517.61,174678.42,142239.22,199787.53,186697.66,179584.47,176852.81,161480.03,99205.55,175501.5,178132.75,183681.09,179916.88,179869.36,188049.19,174541.7,162333.06,169157.81
68.29,165543.88,175245.19,142149.17,198965.63,186007.03,178709.53,175695.27,161357.5,99055.66,174610.22,177465.13,182725.56,179243.98,178625.19,187907.13,173964.33,161688.84,168855.97
68.39,165368.09,174894.03,141863.56,198479.88,185461.38,178019.03,175639.06,161993.59,98679.89,174644.31,177032.23,182641.38,178651.73,179353.78,187747.02,173369.75,161198.66,168469.13
68.49,164536.13,174605.27,141802.05,197721.47,184720.16,177320.72,174768.31,159951.81,98513.12,174653.56,176226.8,182676.13,177785.16,178677.88,186862.63,172690.81,160617.94,167740.08
68.59,163878.22,174479.09,141251.53,197022.97,183905.97,177470.64,174302.73,161207.5,97992.64,173349.95,175930.56,181846.64,176897.38,178455.39,186175.66,172464.5,160127.7,167058.7
68.69,163264.42,174532.19,140896.28,196494.72,183191.61,175850.56,173661.63,160341.48,97577.7,173192.8,175270.81,180770.53,176255.3,176881.28,184822.41,171893.53,159435.69,166143.55
68.79,162642.78,172109.89,140871.22,195850.38,182511.69,176082.98,173248.5,160244.56,97548.34,173624.28,174565.28,180839.31,175462.22,176082.81,184568.22,171186.17,158897.02,165869.63
68.89,161879.97,173577.05,140103.41,195038.91,181873,175313.25,172545.48,160651.88,97058.9,171461.16,174106.22,179981.67,174426.22,175891.94,183623.16,170250.56,158121.92,165053.02
68.99,161435.11,170986.38,139221.09,194455.92,181060.05,174049.89,171787.31,159292.06,96680.31,171617.83,173047.56,178932.34,173913.5,174441.72,183328.53,169597.09,157497.39,164595.36
69.09,160768.36,171824,138267.98,193432.33,180493.44,173737.13,171108.34,159723.03,96133.58,171147.7,172598.11,178219.63,173274.91,173937.44,182360.84,168837.48,156762.31,163770.91
69.19,160168.5,169371.03,137652.53,193044.83,179847.72,173399.84,170565.3,158950.88,95641.27,170723.3,172057.06,177252.75,173228.78,173392.13,181746.55,168352.69,156180.75,163082.39
69.29,159772.64,168393.17,137499.75,192152.69,179123.28,172458.3,170136.75,157729.09,95427.45,168017.13,171068.66,176672.84,172804.81,172414.5,180974.84,167513.16,155525.61,162416.41
69.39,159169.17,167579.83,136638.23,191441.31,178378.52,171854.75,169454.66,156933.94,94952.12,169606.88,170359.06,176621.75,172146.13,171685.06,179694.39,166744.5,154905.34,161356.66
69.49,158488.23,166535.61,136115.83,190794.8,177879.78,171341.78,168627.11,156904.03,94718.13,168165.23,169348.84,175931.17,172049.11,170777.75,179819.55,166253.97,154386.48,161271.97
69.59,157817.19,167504.5,135725.86,190039.7,177299.03,170547.53,167746.94,155439.8,94313.78,169134.59,168959.56,176770.03,171272.11,170725.5,179319.47,165634.69,153896.55,160770.44
69.69,157518.59,168400.25,135117.39,189284.22,176801.72,170177.52,167482.48,155375.73,93923.5,168045.06,167959.02,175523.31,170595.27,170307.69,178906.13,165058.56,153489.56,160339.97
69.79,156996.72,164907.41,134748.5,188457.09,176032.38,169691.06,166955.27,154594.67,93702.88,166972.77,167505.41,175274.28,169859.38,169162.25,178261.88,164451.56,152775.55,159753.16
69.89,156337.06,164705.16,134624.03,187656.78,175260.66,169083.78,166130.39,152674.13,93494.52,165877.58,166757.02,173754.47,168889.56,169452.39,177841.39,163658.58,152381,159377.38
69.99,155764.63,165013.78,133866.45,187193.44,174553.72,168432.27,165776.66,153286.66,93115.3,164806.75,166414.11,172977.81,168229.25,167315.39,176582.23,162962.7,151577.13,158638.23
70.09,155456.69,163280.97,133433.98,186430,173866.42,168043.7,165304.88,153082.27,92741.16,164318.48,165900.23,172640.81,167696.25,168741.8,175912.28,162511.28,151288.91,158024.55
70.19,154680.41,163832.59,133062.81,185776.45,173154.88,166669.72,164613.44,151645.02,92514.33,164158.34,165628.63,172347.19,167247.09,167344.13,174834.38,161848.59,150574.02,157165.33
70.29,154405.44,164177.33,132564.75,185000.95,172633.98,166233.03,164328.78,150244.03,92347.98,163340.38,165256.31,171067.64,166620.53,166420.78,174478.09,160934.2,149969.17,156882.73
70.39,153857.63,161738.38,132258.84,184320.97,171913.38,165705,163654.03,150742.69,92135.24,162152.44,164709.09,171041.47,166313.7,166953.86,173473.19,160312.38,149346.98,156265.22
70.49,153342.69,161869.47,131648.7,183631.59,171385.61,164825.16,163130.14,151507.11,91593.36,161358.39,164498.58,169642.23,165837.67,166206.66,172891.13,159659.94,148653.16,155651.66
70.59,152790.22,158936.88,130889.38,183048.34,170882.27,164137.94,162427.83,150108.28,91139.91,159974.22,163873.88,168293.16,165545.83,164808.81,171469.25,159233.25,148098.09,154380
70.69,152215.61,159959.81,130468.72,182267.7,170296.34,163321.06,162030.03,149494.08,90778.94,159581.88,162962.81,168359.7,165198.03,163827.78,171978.2,158723.42,147381.88,154509.7
70.79,151707.66,159684.92,130298.12,181560.61,169739.03,162995.09,161342.03,149870.34,90409.8,159399.34,162584.78,167786.94,164723.47,163406.7,171089.31,158040.41,147027.52,153667.84
70.89,150934.88,159011.84,129864.73,180991.09,169049.63,162036.8,160677.77,147946.08,90022.3,158502.17,161465.48,167358.25,164071.55,161485.44,170885.2,157267.84,146296.78,153345.05
70.99,150430.06,157962.13,129308.7,180410.53,168389.33,161186.69,160134.91,147399.11,89618.05,158156.52,160799.56,166606.34,163305.56,160556.66,170506.25,156863.66,145988.63,152651.84
71.09,149481.75,157447.41,128844.63,179433.8,167826.09,161245.41,159271.47,146404.11,89162.72,158230.47,160029.02,166274.13,162272.75,160167.81,169790.94,156190.59,145413.61,152152.38
71.19,148822.47,158385.66,128884.35,178764.11,167165.47,160411.34,159117.84,145450.11,89088.29,157473.19,159173.66,165761.97,161310.59,161047.59,169176.66,155548.08,144688.53,151572.53
71.29,148256.33,155624.52,128544.21,178162.5,166829.38,160530.8,158336.92,147812.88,88681.53,158004.53,158793.61,166206.64,160348.16,159783.25,168760.59,154744.64,144116.17,151134.41
71.39,147277.41,155984.56,128014.8,177267.09,166067,159290.67,157520.69,145777.08,88456.67,156552.97,158149.81,164500.56,159592.89,159258.94,167595.08,154064.19,143594.33,150429.14
71.49,146483.75,155134.25,127556.65,176401.78,165433.78,158829.44,156700.45,144232.69,88149,155552.38,157664.73,163699.72,158730.88,159059.88,166828.64,153499.34,142968.17,149711.42
71.59,146368.56,155301.09,127035.62,175714.67,164858.59,157963.95,156645.47,145114.56,87655.22,155493.63,157120.98,163014.5,158525.73,158777.45,165913.55,152915.56,142246.31,148913.53
71.69,145715.19,154969.8,126880.56,175122.89,164161.41,157030.67,155757.13,142912.58,87456.1,153064.27,156584.39,161197.53,158047.03,158007.42,165342.42,152240.69,141521.86,148306.86
71.79,145470.95,155256.25,125916.55,174404.73,163547.55,156150.34,155136.22,141000.72,86933.84,153782.69,155793.39,161635.83,157899.27,157528.23,164836.78,151726.09,140943.55,147765.95
71.86,145072.22,153641.39,125648.77,173781.38,162963,155751.47,154464.41,140680.33,86645.36,151704.53,155346.16,160144.09,157257.78,156461.73,164155.13,151207.25,140446.09,146958.95
71.99,144714.63,153191.3,125274.38,173115.11,162311.92,154947.59,154229.89,140274.16,86344.09,151827.03,154580.02,159948.5,156929.33,156264.48,163912.45,150595.86,139979.92,146593.38
72.09,144406.72,152822.81,124549.63,172430.61,161717.06,154888.56,153618.94,139493.41,85783.34,152102.67,153882.42,160590.84,156446.69,155629.64,163562.7,150115.33,139418.89,146116.16
72.19,143339.52,152299.5,124343.34,171807.33,161156.56,154150.75,151724.92,140593.11,85500.89,149831.78,153304.41,159313.42,155999.23,155035.42,162172.52,149408.47,138968.78,145008.88
72.29,143200.5,151392.48,124003.59,171056.22,160425.13,153882.19,152114.03,139795.55,85326.54,150693.22,152326.38,158856.42,154870.44,154633.84,162393.41,148537.69,138529.89,145201.92
72.39,142566.16,151865.61,123051.25,170337.38,159767.78,153146.06,151525.8,138321.66,84682.11,149237,151607.25,158376.73,154557.77,153257.09,161391.75,148032.39,138003.89,144607.88
72.49,142049.44,149867.19,122680.05,169743.83,159184,152475.81,151068.81,139828.11,84465.67,149067.84,151266,157562.91,154180.41,152927.5,160579.56,147466.06,137414.19,144136.34
72.59,140829.42,148530.75,122519.06,169018.52,158424.78,151520.38,150059.78,138551.2,84323.66,148425.78,150634.34,156602.88,153933.06,152324.81,159597,146905.81,136695.27,143495.95
72.68,140518.28,149508.97,122114.72,168370.14,157908.75,151017.25,149552.69,137164.25,83961,148495,150434,156329.38,153273.19,150831.61,159004.09,146240.03,135903.3,142900.56
72.78,139596.09,147715.72,121339.33,167318.38,157069.47,150747.44,148339.5,136702.59,83463.56,148092.7,149898.13,156257.14,152770.16,151241.41,158299.31,145603.92,135428.63,142255.41
72.89,139217.56,146916.06,120880.28,166547.48,156476.44,149952.91,148405.5,135960.61,83193.63,147382.83,149353,155211.72,152195.86,149893.59,157980.08,145209.5,134772.22,141728.05
72.99,139006.84,147020.77,120600.23,165746.41,155847.81,149231.84,147866.75,134876.27,82855.45,147626.03,148607.67,154586.52,151268.09,149089.22,157358.31,144327.72,134172.25,141027.61
73.09,138068.42,145440.2,120038.33,165242.38,155132.09,148497.25,146749.17,134897.81,82462.27,146001.44,147995.33,153524.17,150046.05,148326.69,157114.28,143477.94,133701.39,140472.91
73.19,137296.66,146325.31,119276.83,164572.72,154484.22,147588.13,145797.98,133210.28,81876.46,144801.95,147216.5,152896.53,149152.44,147001.34,156803.17,142949.63,133144.09,139963.7
73.29,137214.97,145990.3,119064.42,164165.84,153905.86,147105.5,146023.53,132920.81,81623.88,144929.14,146946.78,152577.97,148566.63,147656.38,156129.84,142447.28,132697.81,139322.14
73.39,136714.59,145420.95,118732.22,163321.75,153152.88,146403.8,145717.42,132152.28,81528.64,143368.5,146306.97,151422.84,147725.16,147485.27,154433.69,141578,132180.69,138090.84
73.49,136195.97,145109.33,118189.58,162947.28,152530.09,145536.19,145040.23,131654.58,81057.7,143450.81,145455.22,151377.53,147096.98,146620.2,154356.59,140997.44,131622.22,138134.83
73.59,135592.03,143350.61,117854.89,161935.34,151739.41,145143.83,144575.41,132093.14,80767.31,142398.66,144684.72,150718.41,146734,144805.81,153555.13,140437.23,131064.73,137440.22
73.69,134612.81,143594.39,117142.42,161463.56,151195.34,144772.22,143903.47,132501.91,80246.63,141193.06,143860.59,150156.09,146136.55,146173.81,152601.38,139948.89,130593.91,136780.86
73.79,134010.84,144284.53,116808.7,160466.44,150512.09,143795.28,143147.08,130988.59,79988.33,140754.97,143025.53,149927.19,145547.47,144902.8,151848.89,139350.16,129747.09,136120.88
73.89,133637.36,140689.42,116595.58,159632.95,149829.25,143182.33,142927.33,130500.87,79774.2,140019.81,142667.3,149360.72,144850.45,145222.53,151359.42,138543.47,129129.27,135549.17
73.99,132956.31,140592.41,115819.63,158868.25,149155.55,142298.25,142095.83,130233.13,79372.95,141052.5,142209.36,148915.36,144125.11,144046.38,151010.19,137922.94,128526.15,135072.39
74.09,131965.78,141260.66,115230.71,158360.94,148487.08,141948.38,140773.16,129162.88,79030.94,140821.86,141683.06,148443.33,143392.91,143201.33,150741.44,137535.09,127878.42,134503.77
74.19,131591.83,140217.86,114568.52,157518.13,147896.66,141432.91,140482.44,128340.16,78494.89,138884.66,140951.16,147588.56,142904.67,142783.47,149272.41,136888.72,127366.6,133265.94
74.29,131102.31,138320.03,114207.1,156748.42,147127.77,140635.19,140158.67,128561.7,78499.27,137859.03,140321.28,146982.66,142192.34,142623.16,149511.23,136239.22,126724.02,133204.97
74.39,130603.89,138117.67,113569.38,156041.91,146474.2,140030.27,139340.58,127452.69,78263.37,138131.31,139838.47,146128.69,141235.45,140821.91,149122.7,135377.11,126200.63,132799.38
74.49,129970.02,137633.09,112808.91,155553.03,145731.56,139923.03,138628,126362.97,77743.09,137099.94,139026.59,145235.84,140415.72,140977.41,148413.05,134588.91,125776.84,132247.64
74.58,129780,136472.83,112277.73,154658.38,145237.52,139032.13,138491.36,125928.84,77305.73,135811.02,138365.27,144882.72,139799.34,139296.38,146767.5,134168.89,125143.28,131087.44
74.69,129020.73,137142.75,112000.5,153961.88,144497.05,139099.5,137644.23,125244.89,76894.27,134858.38,137702.02,143738.5,139303.45,139085.13,146582.63,133474.22,124538.73,130857.36
74.79,128336.64,135642.73,112040.18,153057.88,143878.22,137810.42,136906.83,124319.7,76878.64,134567.53,137089.16,143938.38,139037.72,138544.78,145570.3,132883.58,123947.97,130318.82
74.89,127756.52,134950.3,111444.13,152546.31,143113.14,136717.67,136297.91,125174.48,76359.1,134312.69,136187.25,143398.13,138528.31,137807.31,144115.84,132370.38,123501.21,129432.36
74.99,127358.71,134817.47,111176.17,151875.09,142561.72,136264.28,135944.02,123841.77,76038.65,133457.44,135791.44,142131.91,137835.16,136273.97,143920.47,131678.41,122816.48,129158.93
75.09,126614.03,134989.05,110966.6,151227.25,141873.25,135893.02,135104.94,123060.9,75637.67,131814.44,135180.59,141550.72,137030,136067.63,142536.25,130994.77,122236.1,127933.75
75.19,126076.17,133899,110813.78,150393.55,141175.41,135267.55,134487.53,123641.41,75517.97,132638.75,134470.19,141305.13,136318.75,136045.23,142602.52,130401.4,121684.45,127841.1
75.29,125432.03,133292.17,110404.08,149810.7,140578.52,134339.16,133626.78,121767.98,75248.55,132014.86,133776.78,141012.09,135663,134829.41,142000.16,129798.05,121068.48,127220.52
75.39,124969.71,132800.84,109990.53,149290.88,139907.27,134008.5,133255.09,121874.46,74880.86,131805.47,133264.78,140954.42,135011.22,134399.25,141911.33,129066.67,120526.53,126850.06
75.49,124407.03,132457.59,109360.81,148526.92,139094.5,132640.94,132358.86,122250.89,74630.58,130735.67,132675.72,139856.91,134393.83,134314.77,141126.5,128426.12,119979.54,126190.63
75.59,123908.89,132403.97,108710.98,147924.47,138435.25,132730.55,131582.38,120134.52,74134.9,130332.91,132055.58,139249.72,134120.88,133869.81,140698.69,127868.03,119183.66,125652.86
75.69,123695.54,131177.19,108263.56,147384.7,137711.53,132118.94,131757.81,120307.51,73798.18,130230.88,131419.39,138971.16,133501.64,132458.38,139221.5,127186.53,118658.11,124497.57
75.79,122908.25,131486.38,107610.9,146616.7,137177.05,131563.34,130753.73,119401.98,73439.75,129432.38,130930.61,138131.94,133043.55,132334.95,139401.84,126853.23,118454.1,124412.67
75.88,122354.25,130411.91,106882.11,145828.69,136489.63,130684.91,130341.28,118415.73,72853,128361.08,130218.66,136948.33,132483.33,132126.5,138442.13,126209.66,117833.28,123753.91
75.99,121631.49,129564.61,106628.41,145002.22,135897.05,130324.88,129494.88,118540.45,72414.73,128097.3,129487.13,136604.66,131667.2,131083,138315.27,125390.24,117330.95,123301.52
76.09,121197.2,128173.91,106466.43,144224.44,135285.03,129858.34,129287.79,117565.16,72197.7,127437.55,128580.76,136080.33,131211.31,129874.33,137475.38,124840.22,116663.75,122641.52
76.19,120156.2,128580.59,105746.95,143666.41,134737.64,128983.02,128330.62,117180.66,72008.48,125688.92,127768.72,134574.31,130223.36,129758.3,136922.89,124209.88,116146.69,122168.7
76.29,119814.41,127330.64,105223.19,142895.52,133990.33,128531.59,127762.59,116515.51,71677.37,125216.08,127141.22,133816.53,129635.07,130584.24,136312.91,123697.39,115796.38,121553.82
76.39,119377.59,126244.64,104703.58,142002.47,133485.92,127865.04,127439.12,116588.23,71490.71,124546.53,126438.41,133551.34,129139.13,129797.68,134869.19,123068.66,115007.81,120414.16
76.49,119062.47,126470.04,104336.89,141408.03,132769.92,126783.42,126597.48,114831.03,71272.97,123121.49,125731.61,132003.56,128382.51,129323.7,134790.67,122152.02,114276.98,120259.55
76.59,118651.13,125969.38,103384.3,140800.2,132087.44,125807.53,126527.63,115398.8,70669.38,122787.59,125309.8,131924.56,127981.22,128585.75,134052.81,121464.04,113729.16,119793.93
76.69,117918.66,125006.75,102697.45,140123.53,131496.66,125802.4,125639.95,114966.56,70321.82,122663.45,124969.29,131877.53,127585.89,126658.92,133157.41,120881.77,112924.31,119126.28
76.79,117465.31,124207.95,102358.59,139429.47,130736.36,125054.23,125224.27,114674.44,69998.61,121662.8,124569.28,131229.64,127057.4,126043.26,132234.77,120359.79,112434.84,118559.36
76.89,116531.75,123614.46,102217.83,138469.75,130139.06,124379.43,124127.19,113671.04,69711.28,121672.19,123656.55,130965.36,126588.86,125656.27,131603.22,119778.35,111813.28,117934.51
76.99,116181.08,122156.7,101824.55,137916.03,129473.9,123665.11,123568.72,114098.13,69366.5,121177.63,123197.14,130163.02,125710.84,125306.47,131090.16,119082.77,111284.81,117491.02
77.09,115739.42,121634.14,101545.09,137167.38,128738.19,123194.04,123044.91,113069.7,68981.78,121239.23,122358.24,130108.95,125070.3,123196.2,130381.28,118446.68,110811.23,116778.33
77.19,115114.16,121513.7,101183.98,136239.16,128108.17,122620.45,122489.19,110940.34,68886.73,119774.38,121479.63,128320.05,124280.09,122141.69,129978.34,117876.96,110314.11,116337.11
77.29,114370.59,121053.27,100824.98,135584.44,127369.2,122082.94,121807.31,110903.66,68460.27,119708.41,120589.24,128010.3,123515.58,122039.38,129198.93,117283.1,109658,115709.61
77.39,113605.64,121844.4,100377.8,134862.5,126878.28,121777.47,121225.68,111039.22,68116.91,119060.39,119939.34,127456.28,122675.3,121657.55,128597.03,116689.42,109200.02,115031.44
77.49,112976.63,121785.15,100368.45,134182.53,126246.87,120758.22,120632.65,109790.64,67952.15,117630.56,119279.77,126106.83,121822.17,120412.92,128078.92,115885.02,108659.26,114524.21
77.59,112193.34,121066.22,99473.28,133555.19,125461.78,120340.65,120030.2,109596.74,67553.36,117080.93,118689.89,125234.84,121135.94,120555.08,127323.13,115312.45,108064.45,114068.58
77.69,111814.04,120119.17,98728.45,132894.86,124801.41,119695.3,119510.44,108915.69,67022.73,116027.31,118062.73,124108.88,120559.15,121011.54,125964.3,114681.31,107497.97,112834.14
77.79,111090.15,118788.61,98382.32,132071.66,124124.49,118826.69,118742.63,107798.98,66801.98,115597.02,117359.66,124014.59,120027.06,119930.61,125678.93,114032.82,106797.64,112514.45
77.89,110888.05,119602.52,97708.81,131458.91,123379.91,117931.77,118473.07,108007.33,66221.06,115778.3,116705.8,123768.45,119468.36,119367.2,124233.97,113308.66,106157.01,111525.8
77.99,110237.95,118289.93,97310.41,130728.47,122627.27,117137.3,117408.02,107225.61,65849.83,113540.81,115914.54,122724.7,118971.86,118786.73,123971.85,112683.32,105556.37,111344.55
78.09,109751.31,117928.37,96799.98,129976.24,121880.75,116581.29,116816,106047.67,65643.49,113394.46,115167.88,122711.84,117985.07,117460.66,123209.94,112081.66,104935.48,110750.58
78.19,109222.33,117884.09,96115.11,129128.56,121182.73,116442.24,116250.86,106273.51,65233.66,113106.05,114119.08,122456.84,117360.2,116725.38,122636.61,111485.99,104167.91,110188.73
78.29,108730.97,116776.17,95675.21,128446.91,120483.9,115914.49,115910.52,106516.95,64958.29,112088.08,113180.52,121648.91,116338.5,115663.7,121660.36,110752.52,103597.13,109533.73
78.39,108304.05,113797.98,94843.09,127615.06,119867.52,115252.08,115345.88,105501.67,64505.85,111260.41,112441.48,120741.35,115412.34,114155.08,120844.75,110009.08,103058.31,108923.8
78.49,107626.86,113172.15,94161.14,126842.9,119150.28,114421.03,114548.63,104604.99,64214.71,110752.16,111559.08,119920.14,114449.24,112909.52,120131.2,109190.89,102465.58,108337.36
78.59,106946.51,112422.24,93491.03,126046.58,118392.67,113656.02,113941.82,104674.06,63924.29,109925.8,110779.2,118750.59,113518.32,112859.55,118985.69,108402.2,101785.01,107524.55
78.69,106413.53,112108.3,92867.45,124995.58,117787.36,112819.21,113607.84,102271.27,63465.95,109441.72,110035.41,118533.87,112679.73,112185.16,118332.44,107612.55,101205.18,106958.45
78.79,105572.02,111928.03,92580.58,124164.75,117030.52,112280.92,112621.5,101328.52,63205.9,107557.58,109005.65,117316.35,111796.84,112010.21,117274.67,106824.94,100499.92,106216.77
78.89,104946.77,110738.42,92178.63,123160.33,116160.48,111755.84,111767.81,100523.8,62836.2,107361.23,108372.7,116587.51,111008.36,110245.43,116216.78,106080.97,99967.96,105437.57
78.99,104387.19,110703.91,91516.2,122361.67,115477.47,110969.91,111141.65,99052.83,62376.62,105425.08,106981.07,115337.13,109819.02,108194.76,115093.12,105312.22,99241.73,104562.27
79.09,103519.16,110165.82,91102.2,121720.43,114657.7,109682.09,109815.22,99093.77,61929.09,104905.92,105939.84,115219.06,108841.46,109164.55,114340.32,104567.31,98572.95,104044.86
79.19,102911.02,110763.8,91098.91,120814,113847.58,109346.92,109618.61,98108.12,61711.36,103934.78,105108.03,114412.27,108058.62,106967.18,113246.85,104027.19,97907.8,103273.84
79.29,102186.89,108972.56,90519.14,119871.64,113008.05,108463.02,108668.84,97692.13,61257.52,102300.78,103870.77,113201.84,106888.69,106952.66,112143.13,103237.55,97247.5,102599.7
79.38,101778.36,109780.48,90334.72,119136.68,112112.98,107929.11,108423.25,96931.77,60966.8,101585.02,102782.94,112495.13,105696.51,104721.33,110886.19,102455.05,96450.45,101899.11
79.49,100524.23,107596.98,89637.77,118112.83,111172.81,106904.2,107200.94,97466.86,60593.48,100078.55,101651.27,111120.91,104346.11,104044.9,109695.59,101597.64,95677.64,101114.78
79.59,99798.59,107157.02,88989.81,117052.75,110230.83,105778.25,106669.16,97033.73,60238.75,98627.48,100422.72,109930.74,103007.47,102681.52,108542.28,100626.88,94822.2,100286.45
79.69,98976.41,106478.88,87959.34,116157.05,109333.09,105235.47,105795.47,95828.82,59599.64,98266.73,99243.14,109292.9,101849.76,101892.91,106923.97,99720.61,94010.66,99205.88
79.79,98373.16,106565.61,87264.4,114902.03,108408.94,104215.89,105167.38,94703.4,59054.27,96967.05,97981.88,108401.22,100621.1,100503.61,105940.38,98753.75,93006.66,98484.53
79.89,97798.46,104843.56,86288.89,113864.97,107364.38,103731.14,104337.64,93745.95,58439.55,95386.91,96652.57,107371.91,99466.34,99036.73,104631.28,97728.37,92199.83,97595.16
79.99,96767.91,102715.96,85567.99,112686.97,106295.47,102357.69,103197.11,93737.09,57987.03,94452.28,95119.26,106373.09,98456.42,97103.3,103373.94,96774.63,91299.45,96682.66
80.09,95856.85,102944.84,84591.22,111658.05,105476.95,101753.82,102012.31,91866.41,57281.59,93618.15,93644.91,105997.98,97345.54,96300.59,102123.31,95706.09,90434.28,95731.96
80.19,95063.32,101492.16,83847.8,110364.91,104344.77,100727.41,101222.06,90422.55,56835.95,91700.45,92316.89,104195.67,96052.89,95212.91,100926.81,94711.94,89512.66,94894.62
80.29,93978.08,100686.74,83102.06,109150.5,103329.38,99867.75,99881.23,89989.11,56336.85,90836.59,90589.41,103763.96,94285.4,93673.77,99099.58,93505.02,88652.48,93810.72
80.39,93255.1,100187.66,82388.78,107934.14,102165.43,98452.62,99317.27,89011.71,55807.55,88894.47,89188.59,102157.91,92602.8,91986.3,97884.74,92296.75,87648.53,92963.37
80.49,92357.33,98384.38,81686.89,106617.08,100928.89,97584.35,98494.59,87975.73,55393.58,87737.95,87809.74,101013.27,91007.22,90156.79,96197.16,91112.03,86580.66,91948.27
80.59,91447.25,97899.63,80576.7,105216.75,99772.2,96234.32,97483.72,86725.11,54708.91,86372.2,86342.52,99920.52,89527.78,89169.48,94569.77,89985.64,85481.92,90882.14
80.69,90456.68,96585.59,79831.31,103794.95,98455.72,95436.45,96234.7,86324.16,54152.17,84297.64,84931.14,97925.66,88320.16,87770.01,92458.39,88879.08,84551.98,89424.98
80.79,89279.84,95479.23,78992.11,102378.61,97163.05,94137.49,95016.21,85477.44,53706.48,82273.21,83655.7,96192.28,86747.29,87275.02,90926.91,87519.51,83204.08,88425.8
80.89,88437.41,94033.47,77899.56,100822.8,95783.55,92658.55,93990.19,84794.12,52931.29,80939.91,81998.41,94890.52,85303.66,84578.19,89384.47,86048.8,81967.3,87344.51
80.99,87109.44,92922.63,76935.75,99366.95,94362.02,91336.3,92248.13,82564.26,52281.84,79258.84,80361.66,93403.79,83813.38,83131.67,87570.84,84702.23,80780.16,86002.3
81.09,85973.44,90582.14,75741.23,97845.2,93042.58,90144.42,91407.02,81602.47,51521.55,77925.09,78663.27,91752.25,82329.94,81207.54,85729.34,83462.55,79632.8,84520.38
81.19,85017.06,89684.81,74790.16,96213.7,91511.15,88421.25,90174.13,80334.5,50791.71,75606.45,76685.15,90007.86,80617.61,79104.37,84343.55,81883.27,78110.84,83414.94
81.29,83581.22,88580.63,73867.45,94190.8,89739.63,87067.58,88674.5,79381.05,49954.13,74730.3,74772.28,88879.5,78655.01,77491.61,82023.17,80166.94,76758.99,81543.03
81.39,82229.69,87670.56,72844.22,92642.97,88178.48,85513.78,87208.02,77564.02,49210.09,72407.07,72767.58,87195.36,76799.66,75761.73,80514.89,78562.38,75330.8,80407.78
81.49,80777.29,85594.63,71572.03,90569.48,86336.91,84118.38,85829.84,76638.16,48263.01,71004.87,70727.58,85175.3,74741.26,73614.24,78660.99,76847.62,73885.2,78909.89
81.59,79167.94,84661.69,70249.27,88555.52,84603.45,82544.77,84255.33,74910.63,47290.25,68906.71,68955.66,83299.56,72724.83,71425.46,76688.09,75138.41,72294.86,77274.8
81.69,77682.49,82360.65,69238.09,86415.19,82641.15,81056.63,82798.85,73966.66,46553.53,67005.88,66890.61,80986.13,70545.56,69795.92,74708.69,73209.8,70585.09,75710.84
81.79,75689.65,80778.07,67663.71,84151.73,80634.28,79265.52,80648.94,71403.24,45536.52,65201.39,64888.24,79290.17,68593.98,67906.29,72554.73,71207.77,68845.81,73857.11
81.89,74243.31,79307.14,66163.27,81993.56,78653.73,76963.95,79170.1,70011.63,44518.37,62985.61,62759.39,76539.14,66404.98,65854.95,70352.45,69122.95,66985.92,72018.8
81.99,72569.39,76781.78,64444.38,79645.19,76465.59,75152.02,77157.36,68152.16,43380.54,60665.13,60629.91,74557.71,64521.65,63562.41,68016.07,67235.24,65095.48,69996.63
82.09,70980.03,76350.28,63001.22,77265.8,74436.09,73050.18,75337.17,66094.27,42344.79,58267.09,58486.09,72494.05,62454.98,61827.98,65292.96,65138.16,63095.7,67626.14
82.19,69241.06,73453.33,61281.9,74811.63,72201.41,71161.84,73342.17,64027.13,41198.05,56691.14,56315.34,70225.16,60319.76,59149.41,63418.21,62994.88,61226.08,65915.5
82.29,67454.22,72192.45,59694.89,72386.02,69825.52,68967.83,71255.81,62215.98,40081,54579.81,53992.78,67922.82,58122.74,57215.75,60954.34,60767.99,59162.62,63735.84
82.39,65674.23,69365.88,57598.82,69852.16,67507.27,66535.92,69242.73,59875.11,38731.09,51692.1,51571.93,65427.16,55685.44,54584.87,58402.49,58358.55,57127.89,61445.52
82.49,63740.95,67128.45,55902.3,67086.63,64925.2,64424.62,67241.16,58115.08,37556.53,49650.36,48933.24,62522.72,53288.67,52376.39,56255.15,55842.38,54899.77,59447.57
82.59,61395.63,64929.45,54052.65,64168.69,62312.95,62481.38,64668.87,55934.46,36201.14,47276.56,46692.27,59768.64,51019.68,50406.32,53700.02,53441.93,52660.5,57113.23
82.69,59130.09,62293.44,52264.84,61599.85,59958.1,59623.41,62174.42,53471.17,35041.48,44845.86,44192.67,57296.59,48686.35,47514.99,51202.55,50864.38,50297.84,54783.38
82.79,56861.55,60306.61,50084.06,58455.87,57002.75,57196.23,59857.05,51661.55,33603.36,42700.73,41906.77,54460.89,46373.67,45121.75,48588.27,48469.14,48055.2,52408.88
82.89,54401.69,56999.52,47638.86,55735.14,54544.83,54945.25,57165.59,48820.3,32102.26,40419.46,39555.96,51894.73,44098.36,42665.21,45874.31,46029.19,45663.89,49880.8
82.99,52221.43,54628.96,45659.47,52798.86,51847.11,52214.73,54968.36,46992.22,30717.38,38379.63,37289.1,49062.75,41683.73,40408.41,43472.13,43469.38,43222.21,47430.34
83.09,49706.58,52261.14,43488.55,49835.3,49007.69,49501.31,52379.73,44206.07,29157.46,35491.75,34725.79,45671.76,38857.57,37863.11,40695.4,40508.18,40562.85,44575.73
83.19,47298.73,50346.43,41367.47,46828.85,46277.29,46789.22,49736.28,41751.95,27662.62,33233.79,32329.48,42963.91,36296.11,35114.91,38236.13,37864.83,38051.31,42102.79
83.29,44825.98,47161.23,39194.57,43661.39,43252.46,44195.82,46932.05,38986.02,26207.04,30756.63,30081.8,40015.72,33827.01,32794.76,35681.39,35339.53,35792.87,39411.09
83.39,42400.62,44614.68,37066.75,40874.55,40569.01,41695.91,44398.76,36654.41,24788.43,28761.31,27856.16,37629.74,31573.25,30394.33,33363.95,33012.72,33547.43,36981.11
83.49,40143.23,41880.95,34837.39,38066.32,37973.55,39401.29,42082.16,34617.12,23272.85,26387.24,25501.98,34640.29,29070.85,28215.8,30726.22,30244.86,31006.08,34283.16
83.59,37310.54,39629.88,32512.78,35257.59,35314.62,36262.2,39131.94,32097.86,21725.03,24241.66,23325.42,31976.91,26836.98,25913.38,28369.12,27803.06,28687.89,31876.06
83.69,35044.53,37380.22,30642.08,32461.17,32568.24,33801.09,36714.91,30148.46,20408.4,22144.99,21210.62,29352.73,24633.5,23747.56,25839.94,25439.99,26365.18,29222.72
83.79,32393.41,34486.21,28399.08,29702.94,29920.52,31155.88,34016.07,27868.25,18910.52,19989.48,19103.71,26742.59,22379.38,21654.79,23672.47,22969.05,24005.54,26954.23
83.89,29999.88,31655.15,26010.03,27183.54,27586.49,28885.54,31486.63,25522.01,17369.81,18394.58,17224.01,24572.03,20423.45,19628.94,21391.52,20819.78,21862.61,24452.74
83.99,27876.68,29176.18,24117.29,24744.83,25241.98,26568.65,29244.39,23544.61,16083.06,16604.47,15427.4,22257.41,18529.3,17641.65,19504.38,18750.84,19700.21,22358.22
84.09,25367.59,26573.54,22061.16,22148.83,22786.14,24076.12,26700.28,21344.66,14678.75,14781.44,13748.35,19903.43,16546.91,15855.2,17554.64,16602.23,17640.2,20190.92
84.19,23356.04,24834.48,20119.23,20023.94,20661.68,21989.66,24560.63,19263.71,13417.9,13300.46,12154.57,17875.65,14773.28,14253.68,15670.4,14681.69,15788.26,18043.72
84.29,21247.05,22110.62,18145.33,17790.52,18512.98,19948,22372.71,17396.09,12128.96,11687.29,10718.84,15865.67,13125.79,12441.52,13984.39,12931.14,14013.7,16150.2
84.39,19192.89,20406.69,16421.91,15722.25,16468.04,17782.29,20185.52,15527.7,10950.7,10391.19,9446.36,14024.86,11650.17,11072.74,12090.9,11347.48,12461.22,14075.36
84.49,17198.25,17964.36,14648.26,14061.76,14809.41,15897.22,18168.19,13880.95,9761.72,8920.97,8078.76,12243.29,10191.93,9710.39,10744.55,9785.95,10814.85,12516.27
84.59,15315.3,16273.27,13260.61,12243.06,13019.28,14108.14,16241.85,12348.38,8759.7,7849,6898.24,10604.42,8834.67,8586.71,9296.99,8341.66,9414.8,10826.56
84.69,13908.02,14723.63,11844.5,10774.51,11584.68,12710.6,14739,10844.63,7769.75,6847.15,5948.73,9320.03,7789.5,7379.77,7999.33,7204.77,8213.66,9418.72
84.75,12208.94,12931.14,10587.16,9437.24,10213.75,11167.94,12963.99,9712.09,6849.2,5837.12,4998.62,7973.7,6743.47,6291.34,6919.58,6125.68,7052.59,8204.59
84.89,10799.93,11366.66,9263.29,8110.03,8897.39,9703.03,11510.37,8217.51,5851.09,4926.64,4211.34,6809.59,5758.88,5426.72,5751.74,5071.75,5997.48,6836.24
84.99,9330.01,10287.71,8340.88,7035.81,7805.5,8368.79,10027.54,7370.18,5192.66,4223.71,3496.08,5907.07,4894.02,4467.23,4817.54,4161.57,5039.09,5773.61
85.09,8194.82,8983.51,7227.47,5952.68,6704.36,7270.51,8871.72,6149.94,4418.62,3566.56,2754.67,4972.05,4040.49,3821.52,3988.16,3304.21,4138.89,4802.26
85.19,7154.25,7857.65,6321.59,5146.1,5850.51,6239.9,7802.44,5515.83,3791.65,2890.5,2212.6,4127.61,3406.68,3220.56,3323.05,2655.24,3439.61,3974.84
85.29,6165.43,6947.85,5573.42,4403.36,5102.57,5338.69,6793.32,4639.52,3227.69,2463.74,1697.54,3470.04,2783.85,2522.66,2643.09,2027.57,2719.7,3179.31
85.39,5197.45,5863.74,4781.61,3669.93,4298.76,4436.85,5783.11,4015.98,2627.46,2009.65,1277.5,2879.59,2255.43,1950.53,2093.03,1475.21,2168.19,2526.58
85.49,4489.46,5180.56,4180.93,3074.6,3676.52,3860.26,5076.78,3402.83,2208.38,1701.87,884.37,2404.01,1837.98,1568.03,1581.16,1032.21,1652.57,1918.01
85.59,3781.94,4354.36,3562.74,2554.16,3126.63,3230.43,4358.45,2807.4,1744.64,1358.99,537.18,1914.94,1415.56,1215.59,1111.86,615.93,1217.48,1380.97
85.69,3150.21,3935.23,3051.5,2086.83,2660.13,2656.61,3748.34,2345,1340.81,1017.71,246.43,1547.08,1082.78,915.01,686.65,263.08,842.99,882.77
85.79,2665.44,3329.71,2698.02,1681.68,2239.83,2224.65,3230.1,1979.42,1049.94,701.4,-44.27,1125.33,752.94,648.2,394.09,-58.21,505.39,523
85.89,2145.34,2939.61,2278.73,1333.26,1903.81,1794.54,2719.19,1660.33,743.63,392.04,-237.95,727.04,464.9,336.55,76.64,-335.24,242.57,161.31
85.99,1756.16,2522.66,1958.02,1000.87,1558.84,1429.37,2324.83,1268.07,533.4,240.89,-478.99,489.04,204.29,176.26,-195,-575.35,-35.17,-151.13
86.09,1352.56,2160.42,1633.92,726.03,1289.9,1061.44,1930.72,1028.1,296.15,-7.9,-682.54,244.46,-15.57,-76.72,-441.06,-781.26,-244.97,-443.8
86.19,1035.06,1776.56,1333.23,487.33,1038.66,793.63,1622.25,743.29,70.41,-187.3,-836.85,47.51,-207.93,-149.48,-643.9,-963.47,-439.21,-684.12
86.29,793.46,1453.98,1123.94,287.94,858.84,562.75,1388.36,637.66,-66.26,-452.17,-990.42,-237.9,-383.73,-418.85,-884.69,-1136.51,-658.06,-920.57
86.39,545.33,1313.11,902.87,114.47,650.33,303.06,1105.91,326.4,-223.02,-466.33,-1103.42,-360.26,-530.62,-607.61,-1024.89,-1311.03,-832.23,-1072.32
86.48,315.77,881.5,713.15,-52.21,481.92,148.35,899.97,270.34,-347.72,-623.58,-1194.73,-517.2,-653.86,-691.97,-1185.25,-1439.81,-987.77,-1221.64
86.59,126.82,784.4,528.85,-170.44,330.36,-40.28,706.68,79.46,-487.69,-714.58,-1281.41,-614.5,-760.82,-848.14,-1366.79,-1559.73,-1120.32,-1432.49
86.69,-65.1,539.93,375.33,-326.3,163.65,-215.39,511.64,-67.99,-611.06,-782.32,-1381.85,-709.4,-885.01,-977.38,-1443.12,-1657.66,-1241.14,-1524.79
86.79,-212.28,387.7,315.98,-459.39,61.57,-336.05,309.81,-257.33,-714.28,-828.29,-1478.6,-816.73,-983.77,-1023.89,-1604.36,-1773.23,-1349.12,-1670.49
86.89,-315.73,236.92,232.92,-591.83,-71.36,-454.76,265.08,-268.34,-764.31,-934.42,-1559.5,-933.11,-1096.97,-1224.84,-1637.41,-1869.71,-1431.77,-1756.24
86.99,-464.33,114.99,119.5,-664.97,-169.63,-577.36,118.65,-321.6,-842.49,-935.45,-1627.6,-1002.91,-1181.08,-1306.67,-1749.98,-1928.31,-1525.08,-1869.99
87.09,-571.87,-7.28,43.81,-782.76,-260.48,-662.25,15.48,-455.75,-922.63,-999.26,-1745.29,-1081.3,-1282.44,-1440.99,-1802.96,-2023.03,-1619.99,-1939.78
87.19,-687.18,-78.84,-18.28,-842.61,-350.85,-760.07,-61.23,-545.1,-986.31,-1165.57,-1808.58,-1188.24,-1349.96,-1426.29,-1857.97,-2075.78,-1688.46,-2026.01
87.29,-799.06,-156.52,-99.48,-923.78,-415.86,-816.48,-166.69,-696.93,-1056.42,-1196.83,-1830.29,-1331.25,-1402.15,-1492.77,-1935.72,-2147.18,-1747.76,-2111.43
87.39,-910.06,-196.26,-213.21,-1019.46,-502.89,-930.05,-253.68,-776.64,-1137.64,-1269.56,-1904.65,-1353.69,-1464.28,-1534.92,-2044.84,-2218.22,-1824.61,-2203.23
87.49,-1038.09,-168.76,-303.87,-1052.04,-566.12,-1004.45,-400.86,-809.38,-1197.12,-1288.15,-1944.08,-1427.8,-1519.55,-1589.58,-2060.65,-2262.08,-1885.93,-2248.51
87.59,-1097.03,-236.64,-364.11,-1125.18,-651.74,-1057.92,-447.31,-889.34,-1238.34,-1376.87,-2007.42,-1458.06,-1547.42,-1538.86,-2141.04,-2334.05,-1936.03,-2338.3
87.69,-1150.31,-305.18,-419.05,-1166.44,-722.7,-1117.68,-521.34,-955,-1289.03,-1493,-2043.07,-1558.24,-1600.64,-1604.31,-2203.59,-2385.36,-2010,-2396.58
87.79,-1195.75,-446.19,-477.35,-1226.41,-751.3,-1177.12,-576.22,-998.73,-1343.92,-1482.15,-2103.71,-1561.48,-1666.2,-1665.72,-2230.81,-2437.92,-2055.46,-2444.49
87.89,-1266.5,-560.94,-515.72,-1295.62,-827.58,-1258.21,-647,-990.48,-1359.66,-1499.82,-2140.2,-1569.75,-1689.46,-1755.28,-2278.16,-2485.59,-2096.38,-2497.17
87.99,-1311.08,-599.83,-619.23,-1323.73,-870.14,-1297.94,-680.64,-986.81,-1426.06,-1542.46,-2162.85,-1619.43,-1761.64,-1842.1,-2326.87,-2525.71,-2156.88,-2556.4
88.09,-1369.56,-777.2,-683.59,-1379.37,-915.31,-1344.58,-718.64,-1045.19,-1437.85,-1589.82,-2230.87,-1681.76,-1810,-1873.35,-2414.12,-2571.11,-2202.32,-2615.88
88.19,-1411.88,-815.59,-730.9,-1427.06,-952.16,-1390.11,-772.8,-1106.33,-1485.84,-1596.38,-2271.25,-1703.39,-1838.72,-1944.46,-2418.65,-2614.64,-2248.49,-2649.63
88.29,-1471.53,-842.53,-784.26,-1480.38,-1013.5,-1414.54,-824.96,-1215.52,-1505.5,-1639.68,-2287.43,-1791.42,-1890.73,-1938.41,-2476.93,-2669.15,-2274.75,-2705.65
88.39,-1532.7,-917.59,-843.86,-1527.9,-1046.5,-1458.65,-875.58,-1208.49,-1538.59,-1679.5,-2332.06,-1816.26,-1928.2,-2011.1,-2478.35,-2696.79,-2326.44,-2737.67
88.49,-1571.44,-976.96,-901.66,-1568.13,-1098.75,-1516.61,-911.98,-1248.3,-1584.91,-1759.15,-2344.74,-1922.13,-1998.17,-2023.86,-2544.78,-2757.52,-2363.2,-2791.27
88.59,-1612.37,-1040.54,-917.06,-1604.13,-1134.74,-1542.03,-981.93,-1401.6,-1604.26,-1749.97,-2364.73,-1917.33,-2029.51,-2064.25,-2566.38,-2796.33,-2393.67,-2825.53
88.69,-1666.67,-973.4,-945.37,-1646.7,-1158.49,-1625.68,-1028.41,-1459.56,-1649.48,-1733.25,-2408.55,-1921.47,-2060.58,-2091.6,-2602.78,-2828.8,-2440.02,-2870.41
88.79,-1731.03,-1032.52,-944.49,-1684.4,-1211.84,-1613.98,-1095.09,-1399.33,-1680.02,-1922.38,-2449.01,-1996.57,-2081.83,-2104.94,-2653.49,-2837.51,-2452.01,-2895.79
88.89,-1750.07,-988.49,-939.04,-1721.35,-1242.63,-1679.01,-1097.61,-1478.9,-1685.32,-1872.42,-2475.65,-2036.1,-2117.26,-2121.52,-2726.42,-2883.6,-2496.34,-2964.6
88.99,-1769.63,-996.72,-963.77,-1756.48,-1282.8,-1713.59,-1104.1,-1515.53,-1728.5,-1904.06,-2493.25,-2047.62,-2174.85,-2133.86,-2726.16,-2903.77,-2526.12,-2968.97
89.09,-1833.39,-1151.88,-990.08,-1779.26,-1342.97,-1756.97,-1153.31,-1455.47,-1730.41,-1913.01,-2545.42,-2068.23,-2217.95,-2207.34,-2760.78,-2944.26,-2564.67,-3018.93
89.19,-1864.1,-1139.45,-1003.2,-1828.63,-1360.71,-1785.38,-1170.74,-1449.64,-1758.66,-1917.24,-2590.68,-2107.56,-2269.72,-2240.16,-2814.07,-2951.55,-2602.34,-3056.55
89.29,-1901.56,-1228.52,-1037.89,-1855.96,-1393.45,-1815.94,-1193.06,-1519.7,-1796.65,-2015.59,-2603.94,-2148.26,-2305.54,-2287.67,-2843.39,-2984.43,-2634.57,-3094.23
89.39,-1949.46,-1246.67,-1108.88,-1895.2,-1414.9,-1824.54,-1243.76,-1562.18,-1838.71,-2019.17,-2629.3,-2199.76,-2338.06,-2335.48,-2901.35,-3031.18,-2661.59,-3156.14
89.49,-1959.56,-1326.25,-1155.11,-1916.56,-1443.36,-1907.05,-1286.11,-1548.31,-1879.2,-2062.03,-2666.63,-2210.26,-2339.22,-2393.25,-2883.59,-3055.06,-2687.46,-3144.71
89.59,-1988.43,-1381.74,-1201.99,-1934.33,-1486.93,-1924.61,-1330.78,-1542.52,-1893.85,-2055.4,-2700.36,-2165.57,-2341.79,-2396.4,-2957.05,-3070.89,-2715.06,-3221.79
89.69,-2019.78,-1390.65,-1239.64,-1971.23,-1514.12,-1946.34,-1336.32,-1657.14,-1920.15,-2073.25,-2741.28,-2231.22,-2349.48,-2420.79,-2936.23,-3115.1,-2753.58,-3202.95
89.79,-2068.23,-1429.21,-1278.84,-2005.93,-1546.37,-1965.87,-1384.12,-1740.16,-1955.35,-2074.18,-2758.79,-2251.16,-2401.59,-2448.11,-2953.85,-3136.83,-2783.48,-3235.53
89.89,-2080.59,-1429.99,-1303.36,-2037.35,-1568.36,-1986.62,-1419.7,-1754.37,-1976.33,-2077.15,-2812.68,-2257.95,-2458,-2517.27,-3037.69,-3181.58,-2803.55,-3303.38
89.99,-2115.65,-1445.04,-1297.62,-2075.47,-1604.85,-1993.86,-1443.24,-1771.61,-1981,-2143.81,-2813.61,-2362.57,-2498.79,-2457.2,-3015.36,-3197.48,-2808.4,-3289.31
90.09,-2140.48,-1482.99,-1334.88,-2082.94,-1639.77,-2047.81,-1483.03,-1801.93,-2000.91,-2125.76,-2848.15,-2311.49,-2515.08,-2510.17,-3033.33,-3217.14,-2846.78,-3307.82
90.19,-2159.79,-1552.17,-1378.29,-2114.59,-1657.04,-2071.43,-1466.69,-1808.32,-2024.73,-2192.6,-2848.76,-2361.54,-2536.39,-2505.95,-3086.02,-3243.86,-2866.11,-3326.96
90.29,-2206.47,-1539.2,-1375.47,-2162.77,-1690.53,-2093.37,-1526.89,-1804.09,-2005.24,-2211.21,-2878.17,-2397.44,-2561.31,-2461.57,-3115.23,-3267.11,-2902.22,-3362.05
90.39,-2210.13,-1625.61,-1441.45,-2168.18,-1724.37,-2149.14,-1522.98,-1802.16,-2040.08,-2279.95,-2872.62,-2468.4,-2578.26,-2510.39,-3157.94,-3296.31,-2931.31,-3397.54
90.49,-2232.76,-1573.34,-1434.18,-2212.18,-1738.9,-2174.95,-1581.24,-1841.72,-2037.63,-2378.08,-2890.77,-2523.43,-2617.66,-2567.4,-3210.08,-3326.06,-2955.14,-3420.95
90.59,-2251.15,-1632.59,-1478.21,-2219.91,-1750.57,-2189.08,-1591.78,-1837.71,-2103.45,-2305.23,-2906.93,-2517.74,-2619.27,-2665.9,-3202.3,-3339.07,-2968.78,-3453.62
90.69,-2274.2,-1709.52,-1473.15,-2228.83,-1790.2,-2217.25,-1627.7,-1894.9,-2106.61,-2358.91,-2918.18,-2527.02,-2601.36,-2699.05,-3243.01,-3361.21,-3017.83,-3460.96
90.79,-2311.26,-1672.09,-1531.07,-2260.12,-1807.47,-2255.4,-1640.67,-1921.51,-2165.27,-2394.64,-2987.11,-2562.55,-2654.76,-2664.28,-3243.07,-3390.34,-3014.84,-3494.22
90.89,-2328.05,-1717.48,-1508.96,-2270.15,-1851.79,-2281.82,-1680.04,-1931,-2167.71,-2376.12,-3019.51,-2556.94,-2677.77,-2740.11,-3276.84,-3396.61,-3034.71,-3535.75
90.99,-2357.73,-1703.85,-1517.95,-2311.33,-1862.95,-2291.44,-1679.1,-1979.73,-2153.36,-2398.72,-3034.36,-2562.19,-2709.58,-2734.24,-3278.25,-3418.38,-3056.94,-3542.18
91.09,-2401.99,-1832.57,-1534.82,-2349.78,-1898.06,-2287.85,-1717.54,-2005.61,-2193.03,-2419.81,-3052.29,-2572.34,-2751.65,-2808.19,-3298.51,-3457.58,-3069.8,-3570.43
91.19,-2445.59,-1768.83,-1567.12,-2344.8,-1917.25,-2335.25,-1730.82,-1974.01,-2210.58,-2413.02,-3077.96,-2624.19,-2780.27,-2779.9,-3358.03,-3485.13,-3094.92,-3591.82
91.29,-2471.01,-1771.85,-1549.97,-2388.77,-1938.28,-2345.75,-1776.94,-1960.2,-2234.69,-2457.6,-3092.51,-2667.51,-2832.17,-2767.26,-3367.57,-3498.59,-3116.41,-3607.52
91.39,-2496.86,-1833.11,-1608.57,-2407.46,-1956.57,-2367.75,-1771.23,-2089.98,-2261.47,-2503.44,-3102.78,-2671.43,-2845.6,-2810.81,-3395.92,-3516.87,-3141.82,-3637.85
91.49,-2516.22,-1867.88,-1620.34,-2426.72,-1977.79,-2417.54,-1823.63,-2045.83,-2280.76,-2492.42,-3125.09,-2711.45,-2866.82,-2789.97,-3422.61,-3537.29,-3167.25,-3656.26
91.59,-2508.58,-1884.67,-1634.93,-2444.04,-1998.31,-2446.15,-1825.77,-2022.58,-2284.96,-2549.47,-3136.87,-2744.38,-2846.58,-2783.66,-3440.93,-3549.76,-3183.93,-3675.39
91.69,-2530.23,-1940.34,-1666.1,-2462.37,-2033.51,-2447.33,-1868.53,-2099.35,-2305.53,-2557.78,-3152.31,-2717.56,-2871.25,-2794.46,-3483.85,-3586.31,-3222.78,-3731.33
91.79,-2536.69,-1906.13,-1713.74,-2488.39,-2044.2,-2475.19,-1894.26,-2170.33,-2336.07,-2532.82,-3190.06,-2731.49,-2883.78,-2855.15,-3481.54,-3591.76,-3241.32,-3738.23
91.89,-2545.38,-1932.33,-1713.66,-2510.63,-2065.61,-2488.42,-1922.68,-2142.52,-2339.83,-2562.49,-3204.87,-2767.27,-2901.03,-2918.01,-3511.26,-3619.02,-3243.64,-3760.33
91.99,-2550.74,-1996.58,-1752.34,-2530.52,-2072.36,-2504.79,-1904.41,-2239.26,-2363,-2635.63,-3250.99,-2810.01,-2934.99,-2897.59,-3554.1,-3644.41,-3254.12,-3789.7
92.09,-2594.97,-1974.01,-1753.04,-2548.52,-2108.74,-2541.87,-1944.71,-2238.44,-2365.42,-2631.97,-3268.4,-2815.07,-2943.83,-2910.66,-3538.5,-3655.05,-3255.66,-3779.56
92.19,-2627.93,-2004.36,-1776.54,-2569.42,-2129.18,-2564.45,-1952.43,-2181.39,-2388,-2621.4,-3295.04,-2855.92,-2966.27,-2939.53,-3605.49,-3678.01,-3301.73,-3822.66
92.29,-2651.17,-2077.74,-1812.39,-2583.93,-2153.97,-2586.8,-2038.25,-2207.65,-2410.9,-2646.54,-3306.95,-2838.62,-2973.26,-2996.21,-3607.94,-3698.11,-3313.77,-3818.34
92.39,-2674.15,-2066.94,-1821.29,-2602.33,-2161.6,-2594.67,-2014.35,-2231.74,-2418.48,-2668.71,-3309.4,-2871.84,-2963.79,-3040.81,-3614.96,-3714.13,-3316.38,-3836.61
92.49,-2678.84,-2050.64,-1846.29,-2639.29,-2180.96,-2621.23,-2031.16,-2258.05,-2441.11,-2656.98,-3322.03,-2895.34,-2977.78,-3060.14,-3661.24,-3724.95,-3360.52,-3872.85
92.59,-2698.41,-2146.63,-1852.19,-2659.53,-2202.18,-2636.39,-2043.02,-2264.38,-2436.98,-2676.22,-3335.9,-2885.04,-3007.14,-3094.17,-3680.45,-3741.04,-3374.35,-3893.31
92.69,-2722.08,-2117.74,-1879.12,-2660.86,-2221.65,-2647.62,-2055.99,-2368.88,-2459.33,-2720.8,-3351.67,-2970.25,-3059.96,-3051.63,-3653.62,-3770.08,-3393.27,-3905.94
92.79,-2712.19,-2130.57,-1867.53,-2683.77,-2249.11,-2705.64,-2061.6,-2422.27,-2465.01,-2736.91,-3347.1,-2999.57,-3092.54,-3091.92,-3678.25,-3787.26,-3400.1,-3921.65
92.89,-2745.61,-2099.69,-1904.2,-2695.33,-2273.26,-2712.41,-2083.54,-2430.15,-2481.21,-2771.42,-3383.03,-3034.1,-3130.35,-3160.5,-3689.49,-3804.96,-3416.38,-3928.36
92.99,-2780.18,-2122.54,-1946.27,-2709.91,-2281.9,-2716.73,-2125.85,-2409.7,-2509.91,-2794.33,-3393.54,-3006.72,-3140.75,-3157.07,-3694.25,-3823.44,-3424.51,-3956.45
93.09,-2793.02,-2106.79,-1951.79,-2725.17,-2308.24,-2741.61,-2130.62,-2402.02,-2524.57,-2806.75,-3432.7,-3003.07,-3140.13,-3108.98,-3728.96,-3825.9,-3430.76,-3969.16
93.19,-2817.83,-2181.59,-1959.3,-2747.95,-2334.06,-2738.37,-2154.08,-2346.45,-2548.02,-2847.98,-3454.64,-3044.39,-3143.5,-3121.65,-3739.07,-3839.75,-3455.06,-3981.85
93.29,-2833.21,-2201.08,-1962.15,-2767.02,-2342.42,-2767.38,-2140.66,-2365.39,-2563.14,-2787.69,-3475.1,-2972.71,-3170.77,-3156.46,-3754.19,-3851.06,-3476.15,-3993.28
93.39,-2863.62,-2205.89,-2003.82,-2796.12,-2357.15,-2775.62,-2210.06,-2451.39,-2573.41,-2743.17,-3495.44,-2988.45,-3192.47,-3141.95,-3789.99,-3874.8,-3498.3,-4043.25
93.49,-2885.71,-2263.37,-2026.31,-2813,-2371.32,-2818.73,-2223.37,-2473.65,-2595.56,-2796.24,-3487.42,-3028.24,-3211.4,-3162.27,-3791.89,-3899.18,-3516.14,-4045.55
93.59,-2905.99,-2263.76,-2037.69,-2820.21,-2384,-2822.27,-2246.87,-2516.44,-2580.53,-2819.26,-3510.55,-3060.44,-3236.57,-3185.61,-3821.67,-3904.46,-3542.25,-4050.57
93.69,-2906.57,-2301.38,-2061.44,-2842.98,-2418.82,-2851.86,-2242.39,-2511.86,-2605.96,-2892.99,-3513.26,-3109.92,-3254.39,-3135.13,-3813.21,-3921.9,-3552.45,-4069.54
93.79,-2927.16,-2346.44,-2089.63,-2864.09,-2416.23,-2848,-2253.5,-2530.03,-2608.65,-2916.75,-3532.14,-3121.48,-3275.15,-3252.6,-3818.58,-3946.54,-3566.04,-4080.28
93.89,-2912.63,-2351.05,-2105.35,-2867.69,-2438.45,-2854.1,-2254.63,-2535.96,-2625.2,-2895.84,-3537.29,-3168.89,-3283.11,-3272.27,-3834.6,-3963.23,-3592.43,-4101.51
93.99,-2945.86,-2354.13,-2130.87,-2895.37,-2467,-2850.77,-2280.53,-2569.3,-2625.54,-2961.61,-3558.64,-3198.99,-3319.94,-3252.27,-3889.41,-3976.55,-3596.98,-4138.59
94.09,-2969,-2374.54,-2138.74,-2899.07,-2493.71,-2870.05,-2319.71,-2617.36,-2654.2,-2976.3,-3589.11,-3208.53,-3328.46,-3289.4,-3928.63,-4012.37,-3612.53,-4150.04
94.19,-2992.17,-2451.36,-2152.93,-2932.56,-2505.57,-2911.06,-2333.6,-2554.42,-2675.83,-3012.1,-3594.05,-3251.2,-3322.84,-3285.36,-3929.5,-3981.25,-3610.23,-4135.5
94.29,-2995.04,-2434.03,-2164.74,-2958.58,-2518.74,-2905.17,-2314.22,-2548.71,-2704.18,-3095.14,-3601.51,-3254.04,-3357.4,-3267.31,-3956.19,-4001.8,-3637.11,-4173.72
94.39,-3011.87,-2417.28,-2127.04,-2960.76,-2536.67,-2944.11,-2349.33,-2633.32,-2688.89,-3002.5,-3627.68,-3250.35,-3370.36,-3348.36,-3964.67,-4012.62,-3645.11,-4165.61
94.49,-3025.49,-2425.86,-2112.02,-2989.16,-2549.91,-2963.66,-2378.88,-2594.76,-2700.86,-2979.67,-3656.41,-3220.51,-3414.2,-3343.36,-4014.33,-4064.18,-3668.01,-4220.17
94.59,-3036.81,-2424,-2158.61,-3003.8,-2559.63,-2975.31,-2397.85,-2700.22,-2704.82,-3047.61,-3652.65,-3232.34,-3411.76,-3391.01,-3988.12,-4061.63,-3681.62,-4208.19
94.69,-3067.26,-2497.83,-2203.85,-3019.36,-2598.21,-3013.34,-2407.71,-2572.51,-2735.42,-3047.94,-3681.25,-3282.8,-3424.01,-3396.66,-4001.2,-4052.54,-3675.91,-4205.19
94.79,-3067,-2453.4,-2228.51,-3026.77,-2600.73,-3017.08,-2423.93,-2596.85,-2736.24,-3022.01,-3679.75,-3276.34,-3416.25,-3456.32,-4013.81,-4085.95,-3710.21,-4236.48
94.89,-3068.72,-2444.43,-2225.22,-3034.38,-2624.58,-3033.84,-2435.61,-2680.06,-2764.65,-2955.23,-3693.9,-3221.08,-3446.77,-3412.64,-4006.74,-4092.34,-3726.94,-4257.27
95,-3063.76,-2469.97,-2234.44,-3067.69,-2648.65,-3045.83,-2451.14,-2696.57,-2765.44,-3007.31,-3705.43,-3234.09,-3446.88,-3480.16,-4019.69,-4104.07,-3732.96,-4261.41
